UniqueId,Name,DOB,Address,Bank Balance
GBD27,Calvin Kennedy,02-21-20,Ap #873-6883 Dolor Rd.,1000
UST78,Emmanuel Tucker,02-06-20,599-528 Ut St.,1500
DRD58,Jameson Webster,07-17-20,560-3742 Malesuada Avenue,100
RVJ82,Thor Weeks,11-02-18,601-753 Pretium Av.,4000
DEQ79,Hoyt Wagner,10-05-19,"Ap #589-7864 Vulputate, Av.",100000
IZI82,Jeremy Sosa,10-31-18,Ap #411-6268 Interdum. Avenue,5005
LRK69,Dillon Holloway,01-18-19,583 Rhoncus. St.,6500
AYQ74,Vladimir Simmons,03-07-20,"P.O. Box 121, 9074 Primis Av.",5800
RZN42,Mohammad Burris,07-19-19,"Ap #634-640 Auctor, Road",7000
ZHO45,Gregory Reed,04-29-19,695-1592 Felis Ave,55000
AZZ32,Garth Booker,12-24-19,Ap #751-4565 Egestas. Road,12300
IXX38,Garrett Haynes,10-28-19,"P.O. Box 384, 4269 Eget, Av.",1000
REA04,Trevor Rush,12-28-19,8446 Convallis St.,1500
MLU04,Kareem Paul,05-23-20,Ap #999-2757 Fusce Road,100
DFR26,Carter Mitchell,06-05-19,839-1782 Leo Ave,4000
FIK37,Magee Chase,12-10-18,3172 Porttitor Street,100000
VVE22,Len Harding,01-22-19,5119 Fusce Road,5005
KNN48,Lucas Sheppard,04-02-19,643 Eget Ave,6500
XTN35,Sylvester Valenzuela,06-04-20,Ap #421-5321 Blandit St.,5800
BUK72,Todd Fowler,11-28-19,3156 Ornare Road,7000
UZY61,Carlos Snyder,08-11-20,219-6770 Ante St.,55000
MVF47,Raphael Mathews,02-04-19,Ap #290-1367 A Ave,12300
PMM03,Colton Fitzgerald,07-02-20,6624 Sem. Av.,4000
MGL86,Josiah Reed,05-12-19,"Ap #340-8405 Non, Rd.",100000
ICJ77,Calvin Duran,10-04-19,Ap #770-2401 Ornare. Rd.,5005
MFR88,Blaze Jenkins,06-29-19,"P.O. Box 173, 6586 Non, Rd.",6500
OWC10,Harper Ochoa,07-23-20,Ap #510-2133 Id Av.,5800
UTL71,Kadeem Dominguez,03-24-20,Ap #951-3523 Sociis Av.,7000
WQU16,Walker Burris,03-31-19,5655 Egestas. St.,55000
JTA49,Gavin Saunders,06-01-20,"9838 Et, Rd.",1000
XHI54,Reese Mckay,02-23-20,Ap #552-2398 Varius Ave,1500
EKZ19,Steven Cardenas,08-31-19,950-2455 Lacus. Street,100
QAU20,Cairo Huff,04-09-20,1615 Dui Av.,4000
GPD02,Uriel Langley,03-21-20,796-6122 Tortor Av.,100000
LSP14,Kaseem Byers,12-06-19,"P.O. Box 152, 643 Egestas. Avenue",5005
USM29,Conan Peck,03-12-19,"P.O. Box 349, 1307 Duis St.",6500
DEF82,Clark Mcgee,10-29-18,133-9059 Ut Rd.,5800
ZPS18,Jeremy Giles,07-30-19,"P.O. Box 350, 9501 Fringilla St.",7000
ZRE89,Chandler Fields,04-17-20,244-9580 Sit St.,55000
BGR14,Quinlan Hogan,01-19-19,781-8395 Diam. Road,12300
YOP40,Tiger Bentley,08-21-19,Ap #130-2989 Malesuada Av.,1000
LJE39,Christian Tyson,10-20-19,Ap #826-8362 Tellus Rd.,1500
UQL51,Honorato English,07-26-20,6064 Dictum Street,100
MIK06,Gavin Tate,05-22-20,558-7007 In St.,4000
QJX85,Edward Morgan,12-23-19,"Ap #517-9038 Vel, Ave",100000
XXN89,Kareem Puckett,09-17-19,"Ap #549-9055 Leo, Avenue",5005
KEQ59,Leo Ramsey,08-08-19,4859 Egestas Rd.,6500
DTX85,Wang Sandoval,06-11-19,3453 Sed Rd.,5800
FZN50,Rahim Gray,04-07-20,Ap #867-5010 Risus St.,7000
JMI88,Rafael Horton,03-11-20,8424 Augue Av.,55000
DID99,Xavier Houston,11-27-19,3781 Ultrices. Road,12300
NOX77,Malcolm Fischer,06-01-19,309-6810 Convallis Road,4000
GRD16,Aladdin Barker,07-12-20,563-7816 Aenean Rd.,100000
DVH99,Francis Burch,07-04-20,Ap #704-5438 Semper Av.,5005
XDA06,Cody Fitzgerald,12-08-18,9766 In Avenue,6500
VDM86,Ezekiel Schultz,12-23-18,316-5809 Orci Street,5800
LXC81,Keaton Kidd,01-09-19,641-7515 Augue Av.,7000
BOT30,Edward Wright,12-21-19,Ap #147-9675 Risus. Rd.,55000
VUA56,Tanek Reilly,08-29-19,"P.O. Box 894, 8218 Dui, St.",1000
SDL46,Prescott Pugh,10-02-19,"P.O. Box 490, 4948 Libero. St.",1500
KCT77,Laith Leach,08-20-20,Ap #604-5124 In Rd.,100
NFB97,Brian Mayo,03-02-20,"649-871 Scelerisque, Avenue",4000
DSM13,Reese Walters,08-26-19,Ap #120-6235 Ipsum St.,100000
YHQ59,Vincent Shields,02-29-20,Ap #511-5916 In Ave,5005
LZE34,Grant Cooke,02-15-19,4391 Malesuada Street,6500
GDQ47,Brendan Gamble,11-10-18,335-6174 Ac Rd.,5800
NMZ62,Kermit David,02-09-20,"P.O. Box 231, 7508 Quis, Rd.",7000
JIT35,Vaughan Norton,10-21-18,122-7704 Arcu Street,55000
RUQ94,Price Holt,01-04-20,Ap #261-4637 Praesent St.,12300
SJS84,Murphy Shannon,08-23-20,1489 Suspendisse Avenue,1000
PYO22,Colin Cummings,06-11-19,"Ap #600-3467 Vestibulum, Rd.",1500
CBK65,Hamilton Norton,04-19-19,3271 Leo St.,100
GEA90,Odysseus Trujillo,08-10-19,"P.O. Box 449, 401 Donec Rd.",4000
UML29,Dieter Yates,11-01-18,"P.O. Box 880, 6332 Nulla. St.",100000
ORB12,Noble Church,06-06-20,881-8236 At Rd.,5005
ZLM54,Donovan Haley,11-07-18,"2644 Est, Rd.",6500
VBB92,Brendan Montgomery,10-13-19,739-3326 Ipsum St.,5800
TIA08,Cooper Savage,10-24-18,"P.O. Box 213, 3790 Orci. St.",7000
BXE76,Asher Harvey,03-01-19,7970 Vestibulum Road,55000
TPP86,Michael Mathis,01-06-20,878-4067 In Avenue,12300
NJW88,Byron Pennington,06-29-20,7722 Blandit Road,4000
BVI43,Hedley Wooten,10-08-20,8494 Luctus Street,100000
YJT31,Uriel Harrison,07-01-19,"P.O. Box 764, 9519 Luctus. Road",5005
QZU18,Jason Castillo,02-26-19,9498 Eu Ave,6500
TCI96,Samuel Edwards,09-27-19,"P.O. Box 881, 1049 At St.",5800
TGP65,Kirk Greene,07-08-19,675-2702 Pellentesque Rd.,7000
THQ47,Melvin Mullen,03-21-19,Ap #412-2606 Ac Street,55000
DYG71,Colin Craft,04-06-20,6122 Euismod Av.,55000
QXK87,Eaton Wong,11-04-19,"P.O. Box 673, 298 Nunc Rd.",12300
SYV78,Wang York,09-17-19,6376 Libero Rd.,4000
YJD31,Leonard Orr,04-07-19,4589 Lectus Rd.,100000
MFT24,Emmanuel Turner,11-25-19,Ap #454-3522 Parturient St.,5005
MJX09,Chadwick Macdonald,07-19-19,7596 Porttitor Rd.,6500
SIW80,Chase Goff,05-12-19,265-2175 Sem Rd.,5800
VWY84,Dane Browning,05-26-20,7370 Eu Ave,7000
NYK38,Jordan Robertson,07-09-20,"P.O. Box 299, 7180 Quisque Rd.",55000
HAH83,Rooney Strickland,11-16-18,"P.O. Box 797, 7532 Feugiat Street",5800
JKT54,Dalton Guerra,09-23-20,"4233 Vel, Av.",7000
CVD29,Declan Barry,10-16-18,6837 Rutrum Ave,55000
CXR80,Micah Solomon,11-18-19,"P.O. Box 515, 113 Dignissim Road",55000