UniqueId,Name,DOB,Address,Amount
GBD27,Calvin Kennedy,02-21-20,Ap #873-6883 Dolor Rd.,40000
UST78,Emmanuel Tucker,02-06-20,599-528 Ut St.,50000
DRD58,Jameson Webster,07-17-20,560-3742 Malesuada Avenue,40000
RVJ82,Thor Weeks,11-02-18,601-753 Pretium Av.,60000
DEQ79,Hoyt Wagner,10-05-19,"Ap #589-7864 Vulputate, Av.",40000
IZI82,Jeremy Sosa,10-31-18,Ap #411-6268 Interdum. Avenue,70000
LRK69,Dillon Holloway,01-18-19,583 Rhoncus. St.,10000
AYQ74,Vladimir Simmons,03-07-20,"P.O. Box 121, 9074 Primis Av.",40000
RZN42,Mohammad Burris,07-19-19,"Ap #634-640 Auctor, Road",40000
ZHO45,Gregory Reed,04-29-19,695-1592 Felis Ave,40000
AZZ32,Garth Booker,12-24-19,Ap #751-4565 Egestas. Road,40000
IXX38,Garrett Haynes,10-28-19,"P.O. Box 384, 4269 Eget, Av.",80000
REA04,Trevor Rush,12-28-19,8446 Convallis St.,90000
MLU04,Kareem Paul,05-23-20,Ap #999-2757 Fusce Road,40000
DFR26,Carter Mitchell,06-05-19,839-1782 Leo Ave,20000
FIK37,Magee Chase,12-10-18,3172 Porttitor Street,15000
VVE22,Len Harding,01-22-19,5119 Fusce Road,30000
KNN48,Lucas Sheppard,04-02-19,643 Eget Ave,40000
XTN35,Sylvester Valenzuela,06-04-20,Ap #421-5321 Blandit St.,24545
BUK72,Todd Fowler,11-28-19,3156 Ornare Road,23232
UZY61,Carlos Snyder,08-11-20,219-6770 Ante St.,40000
MVF47,Raphael Mathews,02-04-19,Ap #290-1367 A Ave,40000
PMM03,Colton Fitzgerald,07-02-20,6624 Sem. Av.,40000
MGL86,Josiah Reed,05-12-19,"Ap #340-8405 Non, Rd.",25558
ICJ77,Calvin Duran,10-04-19,Ap #770-2401 Ornare. Rd.,40000
MFR88,Blaze Jenkins,06-29-19,"P.O. Box 173, 6586 Non, Rd.",25872
OWC10,Harper Ochoa,07-23-20,Ap #510-2133 Id Av.,40000
UTL71,Kadeem Dominguez,03-24-20,Ap #951-3523 Sociis Av.,30000
WQU16,Walker Burris,03-31-19,5655 Egestas. St.,40000
JTA49,Gavin Saunders,06-01-20,"9838 Et, Rd.",25000
XHI54,Reese Mckay,02-23-20,Ap #552-2398 Varius Ave,65000
EKZ19,Steven Cardenas,08-31-19,950-2455 Lacus. Street,14520
QAU20,Cairo Huff,04-09-20,1615 Dui Av.,40000
GPD02,Uriel Langley,03-21-20,796-6122 Tortor Av.,9820
LSP14,Kaseem Byers,12-06-19,"P.O. Box 152, 643 Egestas. Avenue",40000
USM29,Conan Peck,03-12-19,"P.O. Box 349, 1307 Duis St.",12584
DEF82,Clark Mcgee,10-29-18,133-9059 Ut Rd.,40000
ZPS18,Jeremy Giles,07-30-19,"P.O. Box 350, 9501 Fringilla St.",40000
ZRE89,Chandler Fields,04-17-20,244-9580 Sit St.,40000
BGR14,Quinlan Hogan,01-19-19,781-8395 Diam. Road,80000
YOP40,Tiger Bentley,08-21-19,Ap #130-2989 Malesuada Av.,90000
LJE39,Christian Tyson,10-20-19,Ap #826-8362 Tellus Rd.,50000
UQL51,Honorato English,07-26-20,6064 Dictum Street,50000
MIK06,Gavin Tate,05-22-20,558-7007 In St.,50000
QJX85,Edward Morgan,12-23-19,"Ap #517-9038 Vel, Ave",50000
XXN89,Kareem Puckett,09-17-19,"Ap #549-9055 Leo, Avenue",50000
KEQ59,Leo Ramsey,08-08-19,4859 Egestas Rd.,50000
DTX85,Wang Sandoval,06-11-19,3453 Sed Rd.,50000
FZN50,Rahim Gray,04-07-20,Ap #867-5010 Risus St.,50000
JMI88,Rafael Horton,03-11-20,8424 Augue Av.,40000
DID99,Xavier Houston,11-27-19,3781 Ultrices. Road,50000
NOX77,Malcolm Fischer,06-01-19,309-6810 Convallis Road,40000
GRD16,Aladdin Barker,07-12-20,563-7816 Aenean Rd.,60000
DVH99,Francis Burch,07-04-20,Ap #704-5438 Semper Av.,40000
XDA06,Cody Fitzgerald,12-08-18,9766 In Avenue,70000
VDM86,Ezekiel Schultz,12-23-18,316-5809 Orci Street,10000
LXC81,Keaton Kidd,01-09-19,641-7515 Augue Av.,40000
BOT30,Edward Wright,12-21-19,Ap #147-9675 Risus. Rd.,40000
VUA56,Tanek Reilly,08-29-19,"P.O. Box 894, 8218 Dui, St.",40000
SDL46,Prescott Pugh,10-02-19,"P.O. Box 490, 4948 Libero. St.",40000
KCT77,Laith Leach,08-20-20,Ap #604-5124 In Rd.,80000
NFB97,Brian Mayo,03-02-20,"649-871 Scelerisque, Avenue",90000
DSM13,Reese Walters,08-26-19,Ap #120-6235 Ipsum St.,40000
YHQ59,Vincent Shields,02-29-20,Ap #511-5916 In Ave,20000
LZE34,Grant Cooke,02-15-19,4391 Malesuada Street,15000
GDQ47,Brendan Gamble,11-10-18,335-6174 Ac Rd.,30000
NMZ62,Kermit David,02-09-20,"P.O. Box 231, 7508 Quis, Rd.",40000
JIT35,Vaughan Norton,10-21-18,122-7704 Arcu Street,24545
RUQ94,Price Holt,01-04-20,Ap #261-4637 Praesent St.,23232
SJS84,Murphy Shannon,08-23-20,1489 Suspendisse Avenue,40000
PYO22,Colin Cummings,06-11-19,"Ap #600-3467 Vestibulum, Rd.",40000
CBK65,Hamilton Norton,04-19-19,3271 Leo St.,40000
GEA90,Odysseus Trujillo,08-10-19,"P.O. Box 449, 401 Donec Rd.",25558
UML29,Dieter Yates,11-01-18,"P.O. Box 880, 6332 Nulla. St.",40000
ORB12,Noble Church,06-06-20,881-8236 At Rd.,25872
ZLM54,Donovan Haley,11-07-18,"2644 Est, Rd.",40000
VBB92,Brendan Montgomery,10-13-19,739-3326 Ipsum St.,30000
TIA08,Cooper Savage,10-24-18,"P.O. Box 213, 3790 Orci. St.",40000
BXE76,Asher Harvey,03-01-19,7970 Vestibulum Road,25000
TPP86,Michael Mathis,01-06-20,878-4067 In Avenue,65000
NJW88,Byron Pennington,06-29-20,7722 Blandit Road,14520
BVI43,Hedley Wooten,10-08-20,8494 Luctus Street,40000
YJT31,Uriel Harrison,07-01-19,"P.O. Box 764, 9519 Luctus. Road",9820
QZU18,Jason Castillo,02-26-19,9498 Eu Ave,40000
TCI96,Samuel Edwards,09-27-19,"P.O. Box 881, 1049 At St.",12584
TGP65,Kirk Greene,07-08-19,675-2702 Pellentesque Rd.,40000
THQ47,Melvin Mullen,03-21-19,Ap #412-2606 Ac Street,40000
DYG71,Colin Craft,04-06-20,6122 Euismod Av.,40000
QXK87,Eaton Wong,11-04-19,"P.O. Box 673, 298 Nunc Rd.",80000
SYV78,Wang York,09-17-19,6376 Libero Rd.,90000
YJD31,Leonard Orr,04-07-19,4589 Lectus Rd.,50000
MFT24,Emmanuel Turner,11-25-19,Ap #454-3522 Parturient St.,50000
MJX09,Chadwick Macdonald,07-19-19,7596 Porttitor Rd.,50000
SIW80,Chase Goff,05-12-19,265-2175 Sem Rd.,50000
VWY84,Dane Browning,05-26-20,7370 Eu Ave,50000
NYK38,Jordan Robertson,07-09-20,"P.O. Box 299, 7180 Quisque Rd.",50000
HAH83,Rooney Strickland,11-16-18,"P.O. Box 797, 7532 Feugiat Street",50000
JKT54,Dalton Guerra,09-23-20,"4233 Vel, Av.",50000
CVD29,Declan Barry,10-16-18,6837 Rutrum Ave,50000
CXR80,Micah Solomon,11-18-19,"P.O. Box 515, 113 Dignissim Road",50000
