UniqueId|Name|DOB|Address|Mobile
AIB80|Steven Myers|02-07-20|Ap #776-9980 Ut St.|1613052850199
UKT75|Amal David|12-26-19|6126 Nonummy Rd.|1610111551299
JMV76|Stephen Chaney|04-22-20|P.O. Box 197, 9024 Magna Ave|1671101986499
LTH99|Burke Roman|03-27-20|Ap #910-1728 Ipsum Ave|1600030217899
QHX57|Vernon Cline|07-21-20|7479 Nonummy Road|1653090938999
YMF33|Zeus Buckner|07-19-20|4320 Aliquam Av.|1634102687199
QVZ06|Garrett Powers|01-02-20|P.O. Box 762, 5268 Vestibulum Road|1646051024899
MCM56|Addison Stevenson|12-11-18|Ap #848-3872 Nulla Ave|1631120586899
NLA49|Harper Boyle|04-26-19|Ap #325-4645 Sem Road|1667122793199
CHM33|Forrest Baird|04-28-20|Ap #851-6073 Diam. St.|1600121291099
APO21|Slade Duncan|03-06-20|P.O. Box 786, 4177 Mauris, St.|1614112413699
DFF52|Donovan Davis|03-10-20|155-8366 Laoreet, Street|1616071906299
WPA57|Sebastian Tillman|04-05-19|P.O. Box 870, 8467 Ornare. Street|1609050576899
PMJ24|Paki Malone|04-24-20|5319 Sollicitudin Street|1633022274799
WVI99|Elijah Woods|08-10-19|493-2677 Parturient Ave|1609101490399
EUX45|Gary Cook|01-10-20|132-8452 Arcu Rd.|1621101771599
ILD56|Keefe Davenport|09-08-19|Ap #252-8629 Facilisis, St.|1601053001299
AET92|Omar Franklin|12-23-19|3794 Urna. Street|1667020105799
UQV30|Conan Bender|02-14-20|P.O. Box 594, 1212 Lacinia Street|1626052731599
LEA57|Phillip Sherman|03-31-19|Ap #582-9676 Euismod Ave|1620063003999
RSJ54|Plato Andrews|05-11-20|P.O. Box 880, 9385 Et Road|1663082317699
EBD68|Theodore Cooper|03-14-19|119-3405 Est Av.|1688102084399
CHJ72|Beau Buckley|04-15-19|Ap #303-1159 Adipiscing Avenue|1649031694799
KNI65|Alvin Gonzalez|12-20-19|3201 Molestie Rd.|1675091663499
MUL35|Logan Huffman|08-10-20|846-2290 Magna. Rd.|1667080728599
XUI74|Edward Leonard|05-23-20|948-7809 Luctus Street|1632120188799
XGF69|Yoshio Malone|01-15-20|4015 Pellentesque Road|1618102224499
YCJ80|Kareem Hull|10-26-19|Ap #803-2733 Nunc St.|1605102068899
QFG37|Thomas Winters|09-10-19|Ap #906-4681 Lectus Street|1641091749399
CXP48|Keith Hood|08-04-20|771-4071 Aptent St.|1643091699199
GAV13|Jin Waters|02-19-20|8196 Elementum, Av.|1616012575399
GSP59|Craig Wall|09-26-19|Ap #249-7497 Eu St.|1679111775099
RCO91|Sebastian Puckett|11-01-18|Ap #607-4912 Orci Road|1602070485599
VCA64|Malcolm Parrish|10-06-19|6137 Curabitur St.|1610102218099
WKZ48|Cole Boyer|09-19-20|7660 Tellus St.|1694072507899
WEV10|Yoshio Pierce|01-31-19|5041 Suspendisse Street|1631110950799
QIR67|Jin Hyde|10-03-19|P.O. Box 874, 1740 Cursus St.|1625042527999
IMO65|Levi Slater|10-03-19|5343 Non St.|1685122601599
DYN84|Aquila Fitzgerald|08-18-19|P.O. Box 253, 5739 Scelerisque, St.|1606121707899
VVD13|Castor Rollins|09-02-20|Ap #821-5050 Cursus, St.|1665010251799
WSK12|Tate Barnes|04-16-20|4127 Aenean Rd.|1633010167099
LYC09|Phillip Perry|08-21-20|6549 Accumsan Road|1654110757699
GKF49|Hashim Garrett|05-18-20|608-3747 Lorem Avenue|1663062363599
XUR11|Talon Dalton|02-26-20|5486 Rutrum Rd.|1643032173899
ZTQ19|Seth Frazier|03-01-19|8499 Ante Street|1621072528799
ZRA11|Oleg Kinney|06-07-19|P.O. Box 991, 9121 Sapien, Road|1698100938199
MYS17|Ethan Franklin|12-12-19|406 Feugiat. Street|1644093067699
HWW84|Tobias Holmes|12-05-19|6192 Purus. St.|1649090128599
JDM48|Jordan Pennington|03-16-19|P.O. Box 102, 5081 Eget, St.|1653052111799
QWV74|Brody Mcdowell|02-03-19|Ap #990-644 Semper Street|1680030923199
XSQ57|Keegan Roy|03-25-19|1112 Viverra. Rd.|1694110276699
WOY45|Hu Cantrell|11-02-18|6556 Fermentum Road|1649042619099
HJN98|Jermaine Puckett|10-01-19|P.O. Box 731, 4920 Egestas. Street|1631020536899
IJF98|Benjamin Zamora|09-15-19|501-2202 Enim Rd.|1666021113399
SPW30|Merritt Blankenship|10-08-20|Ap #985-8943 Duis Av.|1646062779599
BIC02|Keaton Valenzuela|08-12-19|P.O. Box 323, 4547 Ipsum. Av.|1640120523299
QPH53|Avram Valencia|08-16-19|Ap #632-1461 Donec Rd.|1639082100599
IKP44|Ali Lawrence|02-11-19|Ap #773-3490 Nunc Ave|1673010433499
BKQ85|Elmo Burt|08-19-20|Ap #188-6686 Imperdiet Road|1642110608899
QCM66|Kasper Newman|11-30-18|864 Erat St.|1645102881799
GWZ89|Trevor Blackwell|04-13-20|463-541 Lorem Ave|1663010828099
KBT50|Paki Terrell|12-30-19|7693 Vivamus Rd.|1689120677999
DQH03|Bruno Castro|04-18-20|3406 Convallis St.|1609110318399
ZJS67|Armand Oliver|09-15-20|9287 Penatibus Rd.|1657040338799
DFA81|Vance Calhoun|09-23-20|8772 Erat St.|1689070140399
WCL10|Isaiah Hurst|12-23-18|Ap #800-5324 Arcu. Street|1669040229099
VUL44|Colorado Buckner|04-30-19|432-344 Odio Road|1653112116799
VSN41|Talon Riddle|09-01-20|7768 Ipsum. Av.|1679072986799
BCM00|Damon Browning|09-13-20|509-634 Blandit Street|1648120560799
SBI17|Prescott Guzman|04-01-20|P.O. Box 630, 8515 Urna Rd.|1683020586899
XDL01|Galvin Weiss|10-28-18|126-3239 Nec, Rd.|1637072723799
XZG17|Elton Ward|06-07-19|228-8893 Sed St.|1643030257199
DND09|Micah Brennan|03-20-19|P.O. Box 573, 1160 Amet Road|1641051890799
RLD86|Orson Buckley|10-28-19|4198 Est. Avenue|1661122064299
FCJ00|Dorian Hickman|08-07-19|370-9489 Sem St.|1671082518199
FFR32|Lyle Brennan|09-26-20|Ap #267-4461 Ultrices Rd.|1693113076699
AEV17|Eagan Dean|06-04-20|748-1442 Enim. Ave|1674020409999
ZOL18|Logan Drake|05-14-20|P.O. Box 634, 4676 Arcu. Av.|1653022830699
VXI24|Kamal Nicholson|07-02-19|P.O. Box 387, 9898 Sem Rd.|1620071686099
MAW35|Alexander Duffy|04-14-20|Ap #652-6480 Dictum St.|1659071790999
RVL55|Leonard Hansen|12-12-18|P.O. Box 769, 8916 Adipiscing, Av.|1643070208299
RJO74|Kibo Santiago|02-20-19|5269 Integer Rd.|1692103081199
FFD81|Addison Morgan|08-21-19|Ap #870-498 Fermentum Rd.|1647100344899
CIK95|Raja Kidd|08-19-20|260-8573 Vel, Avenue|1665040821399
PUW66|Lewis Colon|03-13-19|8354 Est St.|1689062192199
IPH78|Talon Jenkins|02-10-20|7587 Tristique St.|1644091224999
FAT88|Isaac Ewing|04-18-20|Ap #132-471 Consectetuer Road|1642030986699
DAZ47|Nash Mooney|05-17-19|676-154 Nibh Street|1630082495799
QGO49|Basil Washington|08-13-19|7471 Nisi Street|1653082695199
BAM00|Keane Bowen|03-19-19|7144 Nec, Street|1691012369199
YDQ21|Oleg Rojas|01-19-20|Ap #567-7958 Nulla Rd.|1633032191299
TIS30|Reece Perez|02-14-19|Ap #169-4668 Pretium Road|1699063016699
GHP16|Elton Bowen|05-03-20|9682 Ultrices Rd.|1627080415799
MJX01|Thomas Dudley|05-15-20|7451 Ridiculus Av.|1656073001899
SWT48|Garrison Cohen|02-14-19|P.O. Box 285, 5062 Varius Avenue|1697101339299
FQN67|Aidan Tanner|03-11-20|P.O. Box 194, 4836 Aliquet St.|1694123012199
WLX95|Richard Schroeder|01-17-20|P.O. Box 596, 7012 Accumsan St.|1613072948499
QWJ19|Hedley Fleming|08-22-20|P.O. Box 954, 4713 Tincidunt St.|1695042133499
ATU56|Price Holland|09-04-19|8027 Magnis Road|1687012489199
OSA59|Francis Dunlap|06-24-20|3933 Mauris St.|1693010159799